{"ACALD": 0.0, "ACALDt": 0.0, "ACKr": 0.0, "ACONTa": 7.91209108399551e-15, "ACONTb": 7.91209108399551e-15, "ACt2r": 0.0, "ADK1": 10.000000000000007, "AKGDH": 0.0, "AKGt2r": 0.0, "ALCD2x": 0.0, "ATPM": 130.00000000000028, "ATPS4r": 150.0000000000002, "BIOMASS_Ecoli_core_w_GAM": 0.0, "CO2t": -60.00000000000008, "CS": 7.912091083995505e-15, "CYTBD": 120.00000000000011, "D_LACt2": 0.0, "ENO": 5.007890917038799e-15, "ETOHt2r": 0.0, "EX_ac_e": 0.0, "EX_acald_e": 0.0, "EX_akg_e": 0.0, "EX_co2_e": 60.00000000000008, "EX_etoh_e": 0.0, "EX_for_e": 0.0, "EX_fru_e": 0.0, "EX_fum_e": 0.0, "EX_glc__D_e": -10.0, "EX_gln_L_e": 0.0, "EX_glu_L_e": 0.0, "EX_h_e": -1.967640570668289e-13, "EX_h2o_e": 59.99999999999992, "EX_lac_D_e": 0.0, "EX_mal_L_e": 0.0, "EX_nh4_e": 2.5542716834255406e-15, "EX_o2_e": -60.00000000000005, "EX_pi_e": 4.979851321849641e-14, "EX_pyr_e": 0.0, "EX_succ_e": 0.0, "FBA": -10.000000000000016, "FBP": 10.000000000000016, "FORt2": 0.0, "FORti": 0.0, "FRD7": 0.0, "FRUpts2": 0.0, "FUM": 1.2003464846113685e-14, "FUMt2_2": 0.0, "G6PDH2r": 60.00000000000008, "GAPD": 5.007890917038799e-15, "GLCpts": 10.000000000000002, "GLNS": 0.0, "GLNabc": 0.0, "GLUDy": 0.0, "GLUN": 0.0, "GLUSy": 0.0, "GLUt2r": 0.0, "GND": 60.00000000000007, "H2Ot": -59.99999999999992, "ICDHyr": 1.403885574317315e-14, "ICL": -6.1267646591776434e-15, "LDH_D": 0.0, "MALS": -6.1267646591776434e-15, "MALt2_2": 0.0, "MDH": 5.876700186936041e-15, "ME1": 0.0, "ME2": 0.0, "NADH16": 120.0000000000001, "NADTRHD": 120.00000000000013, "NH4t": -3.3516823463563915e-15, "O2t": 60.00000000000005, "PDH": 0.0, "PFK": 0.0, "PFL": 0.0, "PGI": -50.00000000000007, "PGK": -5.007890917038799e-15, "PGL": 60.00000000000008, "PGM": -5.007890917038799e-15, "PIt2r": -4.979851321849641e-14, "PPC": 0.0, "PPCK": -3.189642651723404e-15, "PPS": 10.000000000000007, "PTAr": 0.0, "PYK": 0.0, "PYRt2r": 0.0, "RPE": 40.00000000000004, "RPI": -20.000000000000018, "SUCCt2_2": 0.0, "SUCCt3": 0.0, "SUCDi": 1.2003464846113685e-14, "SUCOAS": -1.813022950529133e-14, "TALA": 20.00000000000002, "THD2": 0.0, "TKT1": 20.000000000000018, "TKT2": 20.00000000000002, "TPI": -10.000000000000016}