{"ACALD": -1.6712059680964544e-14, "ACALDt": 0.0, "ACKr": -2.5614964783708795e-14, "ACONTa": 6.007249575350328, "ACONTb": 6.007249575350328, "ACt2r": 0.0, "ADK1": 0.0, "AKGDH": 5.064375661482088, "AKGt2r": 0.0, "ALCD2x": -1.6712059680964544e-14, "ATPM": 8.39, "ATPS4r": 45.51400977451736, "BIOMASS_Ecoli_core_w_GAM": 0.8739215069684292, "CO2t": -22.80983331020491, "CS": 6.007249575350329, "CYTBD": 43.59898531199745, "D_LACt2": 0.0, "ENO": 14.716139568742838, "ETOHt2r": -1.6712059680964544e-14, "EX_ac_e": 0.0, "EX_acald_e": 0.0, "EX_akg_e": 0.0, "EX_co2_e": 22.80983331020491, "EX_etoh_e": 0.0, "EX_for_e": 0.0, "EX_fru_e": 0.0, "EX_fum_e": 0.0, "EX_glc__D_e": -10.0, "EX_gln_L_e": 0.0, "EX_glu_L_e": 0.0, "EX_h_e": 17.530865429786793, "EX_h2o_e": 29.17582713556574, "EX_lac_D_e": 0.0, "EX_mal_L_e": 0.0, "EX_nh4_e": -4.765319193197464, "EX_o2_e": -21.799492655998723, "EX_pi_e": -3.214895047684805, "EX_pyr_e": 0.0, "EX_succ_e": 0.0, "FBA": 7.477381962160285, "FBP": 0.0, "FORt2": 0.0, "FORti": 0.0, "FRD7": 0.0, "FRUpts2": 0.0, "FUM": 5.064375661482088, "FUMt2_2": 0.0, "G6PDH2r": 4.959984944574665, "GAPD": 16.023526143167608, "GLCpts": 10.000000000000002, "GLNS": 0.22346172933182737, "GLNabc": 0.0, "GLUDy": -4.541857463865635, "GLUN": 0.0, "GLUSy": 0.0, "GLUt2r": -3.321656335383008e-15, "GND": 4.959984944574662, "H2Ot": -29.175827135565736, "ICDHyr": 6.007249575350328, "ICL": 0.0, "LDH_D": 0.0, "MALS": 0.0, "MALt2_2": 0.0, "MDH": 5.064375661482085, "ME1": 0.0, "ME2": 0.0, "NADH16": 38.53460965051536, "NADTRHD": 0.0, "NH4t": 4.765319193197463, "O2t": 21.799492655998723, "PDH": 9.282532599166561, "PFK": 7.477381962160285, "PFL": 0.0, "PGI": 4.860861146496809, "PGK": -16.02352614316761, "PGL": 4.959984944574663, "PGM": -14.716139568742838, "PIt2r": 3.2148950476848035, "PPC": 2.5043094703687383, "PPCK": 0.0, "PPS": 0.0, "PTAr": 2.5614964783708795e-14, "PYK": 1.7581774441067943, "PYRt2r": 0.0, "RPE": 2.678481850507532, "RPI": -2.2815030940671295, "SUCCt2_2": 0.0, "SUCCt3": 0.0, "SUCDi": 5.064375661482088, "SUCOAS": -5.064375661482088, "TALA": 1.4969837572615692, "THD2": 0.0, "TKT1": 1.4969837572615692, "TKT2": 1.181498093245964, "TPI": 7.477381962160285}