{
    "ACALD": -6.379285303446808e-15,
    "ACALDt": 0.0,
    "ACKr": 2.4532126176009985e-14,
    "ACONTa": 10.365697131020791,
    "ACONTb": 10.365697131020791,
    "ACt2r": 0.0,
    "ADK1": 0.0,
    "AKGDH": 8.582197910807691,
    "AKGt2r": 0.0,
    "ALCD2x": -6.379285303446808e-15,
    "ATPM": 8.39,
    "ATPS4r": 80.60686855606407,
    "BIOMASS_Ecoli_core_w_GAM": 1.653071851156828,
    "CO2t": -40.65270083809601,
    "CS": 10.36569713102079,
    "CYTBD": 77.48316894194716,
    "D_LACt2": 0.0,
    "ENO": 26.83905404935389,
    "ETOHt2r": 0.0,
    "EX_ac_e": 0.0,
    "EX_acald_e": 0.0,
    "EX_akg_e": 0.0,
    "EX_co2_e": 40.652700838096,
    "EX_etoh_e": 0.0,
    "EX_for_e": 0.0,
    "EX_fru_e": 0.0,
    "EX_fum_e": 0.0,
    "EX_glc__D_e": -18.5,
    "EX_gln_L_e": 0.0,
    "EX_glu_L_e": 0.0,
    "EX_h_e": 33.16062133420576,
    "EX_h2o_e": 52.694337430662785,
    "EX_lac_D_e": 0.0,
    "EX_mal_L_e": 0.0,
    "EX_nh4_e": -9.01387018998795,
    "EX_o2_e": -38.74158447097357,
    "EX_pi_e": -6.081155418850597,
    "EX_pyr_e": 0.0,
    "EX_succ_e": 0.0,
    "FBA": 13.56209987026896,
    "FBP": 0.0,
    "FORt2": 0.0,
    "FORti": 0.0,
    "FRD7": 0.0,
    "FRUpts2": 0.0,
    "FUM": 8.582197910807691,
    "FUMt2_2": 0.0,
    "G6PDH2r": 9.880768678156198,
    "GAPD": 29.312049538684512,
    "GLCpts": 18.50000000000006,
    "GLNS": 0.4226904723408007,
    "GLNabc": 0.0,
    "GLUDy": -8.59117971764715,
    "GLUN": 0.0,
    "GLUSy": 0.0,
    "GLUt2r": 0.0,
    "GND": 9.880768678156196,
    "H2Ot": -52.694337430662735,
    "ICDHyr": 10.365697131020791,
    "ICL": 0.0,
    "LDH_D": 0.0,
    "MALS": 0.0,
    "MALt2_2": 0.0,
    "MDH": 8.582197910807691,
    "ME1": 0.0,
    "ME2": 0.0,
    "NADH16": 68.90097103113945,
    "NADTRHD": 0.0,
    "NH4t": 9.01387018998795,
    "O2t": 38.74158447097357,
    "PDH": 16.561079814786332,
    "PFK": 13.562099870268959,
    "PFL": 0.0,
    "PGI": 8.280351592356713,
    "PGK": -29.312049538684512,
    "PGL": 9.880768678156198,
    "PGM": -26.83905404935389,
    "PIt2r": 6.081155418850597,
    "PPC": 4.737042696675005,
    "PPCK": 0.0,
    "PPS": 0.0,
    "PTAr": -2.4532126176009985e-14,
    "PYK": 2.743901754743316,
    "PYRt2r": 0.0,
    "RPE": 5.3989510721592655,
    "RPI": -4.481817605996925,
    "SUCCt2_2": 0.0,
    "SUCCt3": 0.0,
    "SUCDi": 8.582197910807691,
    "SUCOAS": -8.582197910807691,
    "TALA": 2.9978550052134407,
    "THD2": 0.0,
    "TKT1": 2.9978550052134403,
    "TKT2": 2.4010960669458257,
    "TPI": 13.56209987026896
}