{"ACALD": 0.0, "ACALDt": 0.0, "ACKr": -1.7618923237659176e-13, "ACONTa": 10.365697131020628, "ACONTb": 10.365697131020628, "ACt2r": -1.7618923237659174e-13, "ADK1": 0.0, "AKGDH": 8.582197910807542, "AKGt2r": 0.0, "ALCD2x": 0.0, "ATPM": 8.39, "ATPS4r": 80.6068685560635, "BIOMASS_Ecoli_core_w_GAM": 1.6530718511568188, "CO2t": -40.652700838095726, "CS": 10.365697131020626, "CYTBD": 77.48316894194662, "D_LACt2": 0.0, "ENO": 26.839054049353837, "ETOHt2r": 0.0, "EX_ac_e": 1.7618923237659174e-13, "EX_acald_e": 0.0, "EX_akg_e": 0.0, "EX_co2_e": 40.652700838095726, "EX_etoh_e": 0.0, "EX_for_e": 0.0, "EX_fru_e": 0.0, "EX_fum_e": 0.0, "EX_glc__D_e": -18.5, "EX_gln_L_e": 0.0, "EX_glu_L_e": 0.0, "EX_h_e": 33.160621334206056, "EX_h2o_e": 52.6943374306624, "EX_lac_D_e": 0.0, "EX_mal_L_e": 0.0, "EX_nh4_e": -9.013870189987898, "EX_o2_e": -38.74158447097331, "EX_pi_e": -6.081155418850548, "EX_pyr_e": 0.0, "EX_succ_e": 0.0, "FBA": 13.562099870268915, "FBP": 0.0, "FORt2": 0.0, "FORti": 0.0, "FRD7": 0.0, "FRUpts2": 0.0, "FUM": 8.582197910807542, "FUMt2_2": 0.0, "G6PDH2r": 9.8807686781562, "GAPD": 29.312049538684438, "GLCpts": 18.500000000000004, "GLNS": 0.4226904723407985, "GLNabc": 0.0, "GLUDy": -8.591179717647101, "GLUN": 0.0, "GLUSy": 0.0, "GLUt2r": 0.0, "GND": 9.880768678156198, "H2Ot": -52.6943374306624, "ICDHyr": 10.365697131020628, "ICL": 0.0, "LDH_D": 0.0, "MALS": 0.0, "MALt2_2": 0.0, "MDH": 8.582197910807542, "ME1": 0.0, "ME2": 0.0, "NADH16": 68.90097103113908, "NADTRHD": 0.0, "NH4t": 9.0138701899879, "O2t": 38.74158447097331, "PDH": 16.561079814786325, "PFK": 13.562099870268916, "PFL": 0.0, "PGI": 8.280351592356656, "PGK": -29.312049538684445, "PGL": 9.8807686781562, "PGM": -26.839054049353837, "PIt2r": 6.081155418850548, "PPC": 4.737042696674973, "PPCK": 0.0, "PPS": 0.0, "PTAr": 1.7618923237659176e-13, "PYK": 2.7439017547433555, "PYRt2r": 0.0, "RPE": 5.398951072159278, "RPI": -4.4818176059969215, "SUCCt2_2": 0.0, "SUCCt3": 0.0, "SUCDi": 8.582197910807542, "SUCOAS": -8.582197910807542, "TALA": 2.997855005213445, "THD2": 0.0, "TKT1": 2.997855005213445, "TKT2": 2.4010960669458337, "TPI": 13.562099870268915}