{"ACALD": -14.674916893769815, "ACALDt": 0.0, "ACKr": -15.173198353438819, "ACONTa": 0.5076927630875805, "ACONTb": 0.5076927630875806, "ACt2r": -15.173198353438819, "ADK1": 0.0, "AKGDH": 0.0, "AKGt2r": 0.0, "ALCD2x": -14.674916893769815, "ATPM": 8.39, "ATPS4r": -11.18794891291652, "BIOMASS_Ecoli_core_w_GAM": 0.47056517108868423, "CO2t": 0.8407587911873446, "CS": 0.5076927630875805, "CYTBD": 0.0, "D_LACt2": 0.0, "ENO": 35.04513110974628, "ETOHt2r": -14.674916893769815, "EX_ac_e": 15.173198353438819, "EX_acald_e": 0.0, "EX_akg_e": 0.0, "EX_co2_e": -0.8407587911873446, "EX_etoh_e": 14.674916893769815, "EX_for_e": 32.11939215850558, "EX_fru_e": 0.0, "EX_fum_e": 0.0, "EX_glc__D_e": -18.5, "EX_gln_L_e": 0.0, "EX_glu_L_e": 0.0, "EX_h_e": 56.73212784398339, "EX_h2o_e": -12.087890752678758, "EX_lac_D_e": 0.0, "EX_mal_L_e": 0.0, "EX_nh4_e": -2.565897764912376, "EX_o2_e": 0.0, "EX_pi_e": -1.731068094883936, "EX_pyr_e": 0.0, "EX_succ_e": 0.0, "FBA": 18.03192882431809, "FBP": 0.0, "FORt2": 0.0, "FORti": 32.11939215850558, "FRD7": 0.0, "FRUpts2": 0.0, "FUM": 0.0, "FUMt2_2": 0.0, "G6PDH2r": 0.0, "GAPD": 35.74909660569495, "GLCpts": 18.500000000000004, "GLNS": 0.12032351424737653, "GLNabc": 0.0, "GLUDy": -2.4455742506650004, "GLUN": 0.0, "GLUSy": 0.0, "GLUt2r": 0.0, "GND": 0.0, "H2Ot": 12.087890752678758, "ICDHyr": 0.5076927630875805, "ICL": 0.0, "LDH_D": 0.0, "MALS": 0.0, "MALt2_2": 0.0, "MDH": 0.0, "ME1": 0.0, "ME2": 0.0, "NADH16": 0.0, "NADTRHD": 0.0, "NH4t": 2.5658977649123766, "O2t": 0.0, "PDH": -3.1926157666966202e-12, "PFK": 18.03192882431809, "PFL": 32.11939215850558, "PGI": 18.403534139926826, "PGK": -35.74909660569496, "PGL": 0.0, "PGM": -35.04513110974628, "PIt2r": 1.731068094883936, "PPC": 1.3484515542717326, "PPCK": 0.0, "PPS": 0.0, "PTAr": 15.17319835343882, "PYK": 14.952409175162412, "PYRt2r": 0.0, "RPE": -0.33824224497854616, "RPI": -0.33824224497854616, "SUCCt2_2": 0.0, "SUCCt3": 0.0, "SUCDi": 0.0, "SUCOAS": 0.0, "TALA": -0.08418410910776565, "THD2": 8.068357480003687, "TKT1": -0.08418410910776565, "TKT2": -0.25405813587078063, "TPI": 18.03192882431809}