{
    "ACALD": -14.674916893771446,
    "ACALDt": 0.0,
    "ACKr": -15.173198353437291,
    "ACONTa": 0.5076927630875672,
    "ACONTb": 0.5076927630875673,
    "ACt2r": -15.173198353437291,
    "ADK1": 0.0,
    "AKGDH": 0.0,
    "AKGt2r": 0.0,
    "ALCD2x": -14.674916893771446,
    "ATPM": 8.39,
    "ATPS4r": -11.187948912915317,
    "BIOMASS_Ecoli_core_w_GAM": 0.47056517108868,
    "CO2t": 0.8407587911841788,
    "CS": 0.5076927630875672,
    "CYTBD": -3.212810344284992e-14,
    "D_LACt2": 2.716952773547176e-14,
    "ENO": 35.0451311097463,
    "ETOHt2r": -14.674916893771446,
    "EX_ac_e": 15.173198353437291,
    "EX_acald_e": 0.0,
    "EX_akg_e": 0.0,
    "EX_co2_e": -0.8407587911841787,
    "EX_etoh_e": 14.674916893771446,
    "EX_for_e": 32.11939215850248,
    "EX_fru_e": 0.0,
    "EX_fum_e": 0.0,
    "EX_glc__D_e": -18.5,
    "EX_gln_L_e": 0.0,
    "EX_glu_L_e": 0.0,
    "EX_h_e": 56.732127843978645,
    "EX_h2o_e": -12.087890752677344,
    "EX_lac_D_e": 0.0,
    "EX_mal_L_e": 0.0,
    "EX_nh4_e": -2.5658977649123536,
    "EX_o2_e": 0.0,
    "EX_pi_e": -1.7310680948838957,
    "EX_pyr_e": 0.0,
    "EX_succ_e": 0.0,
    "FBA": 18.031928824318094,
    "FBP": 0.0,
    "FORt2": 0.0,
    "FORti": 32.11939215850248,
    "FRD7": 0.0,
    "FRUpts2": 0.0,
    "FUM": 3.988654080409142e-15,
    "FUMt2_2": 0.0,
    "G6PDH2r": 0.0,
    "GAPD": 35.749096605694966,
    "GLCpts": 18.500000000000004,
    "GLNS": 0.12032351424737546,
    "GLNabc": 0.0,
    "GLUDy": -2.4455742506649782,
    "GLUN": 0.0,
    "GLUSy": 0.0,
    "GLUt2r": -3.4683574646866044e-15,
    "GND": 0.0,
    "H2Ot": 12.087890752677337,
    "ICDHyr": 0.5076927630875673,
    "ICL": 0.0,
    "LDH_D": 0.0,
    "MALS": 0.0,
    "MALt2_2": 0.0,
    "MDH": 1.4204544117170848e-14,
    "ME1": 0.0,
    "ME2": 0.0,
    "NADH16": -3.616569683595265e-14,
    "NADTRHD": 0.0,
    "NH4t": 2.565897764912354,
    "O2t": -1.6064051721424957e-14,
    "PDH": 0.0,
    "PFK": 18.031928824318094,
    "PFL": 32.11939215850247,
    "PGI": 18.403534139926826,
    "PGK": -35.74909660569497,
    "PGL": 0.0,
    "PGM": -35.04513110974629,
    "PIt2r": 1.7310680948838957,
    "PPC": 1.3484515542717057,
    "PPCK": 0.0,
    "PPS": 0.0,
    "PTAr": 15.173198353437291,
    "PYK": 14.952409175162462,
    "PYRt2r": 0.0,
    "RPE": -0.338242244978543,
    "RPI": -0.338242244978543,
    "SUCCt2_2": 0.0,
    "SUCCt3": 0.0,
    "SUCDi": 4.037593393102729e-15,
    "SUCOAS": 4.550053240415208e-15,
    "TALA": -0.08418410910776454,
    "THD2": 8.06835748000363,
    "TKT1": -0.08418410910776453,
    "TKT2": -0.25405813587077825,
    "TPI": 18.031928824318094
}