{"ACALD": -14.674916893771933, "ACALDt": 0.0, "ACKr": -15.173198353436792, "ACONTa": 0.5076927630875742, "ACONTb": 0.5076927630875742, "ACt2r": -15.173198353436794, "ADK1": 0.0, "AKGDH": 0.0, "AKGt2r": 0.0, "ALCD2x": -14.674916893771933, "ATPM": 8.39, "ATPS4r": -11.187948912914889, "BIOMASS_Ecoli_core_w_GAM": 0.4705651710886784, "CO2t": 0.8407587911831998, "CS": 0.507692763087574, "CYTBD": 0.0, "D_LACt2": 0.0, "ENO": 35.045131109746315, "ETOHt2r": -14.674916893771933, "EX_ac_e": 15.173198353436794, "EX_acald_e": 0.0, "EX_akg_e": 0.0, "EX_co2_e": -0.8407587911831998, "EX_etoh_e": 14.674916893771933, "EX_for_e": 32.119392158501505, "EX_fru_e": 0.0, "EX_fum_e": 0.0, "EX_glc__D_e": -18.5, "EX_gln_L_e": 0.0, "EX_glu_L_e": 0.0, "EX_h_e": 56.73212784397719, "EX_h2o_e": -12.087890752676755, "EX_lac_D_e": 0.0, "EX_mal_L_e": 0.0, "EX_nh4_e": -2.5658977649123447, "EX_o2_e": 0.0, "EX_pi_e": -1.7310680948839148, "EX_pyr_e": 0.0, "EX_succ_e": 0.0, "FBA": 18.031928824318097, "FBP": 0.0, "FORt2": 0.0, "FORti": 32.119392158501505, "FRD7": 0.0, "FRUpts2": 0.0, "FUM": 0.0, "FUMt2_2": 0.0, "G6PDH2r": 0.0, "GAPD": 35.74909660569497, "GLCpts": 18.500000000000004, "GLNS": 0.12032351424737504, "GLNabc": 0.0, "GLUDy": -2.44557425066497, "GLUN": 0.0, "GLUSy": 0.0, "GLUt2r": 0.0, "GND": 0.0, "H2Ot": 12.087890752676755, "ICDHyr": 0.5076927630875742, "ICL": 0.0, "LDH_D": 0.0, "MALS": 0.0, "MALt2_2": 0.0, "MDH": 0.0, "ME1": 0.0, "ME2": 0.0, "NADH16": 0.0, "NADTRHD": 0.0, "NH4t": 2.565897764912345, "O2t": 0.0, "PDH": 9.42548535525503e-13, "PFK": 18.031928824318097, "PFL": 32.119392158501505, "PGI": 18.403534139926826, "PGK": -35.74909660569498, "PGL": 0.0, "PGM": -35.04513110974631, "PIt2r": 1.7310680948839148, "PPC": 1.3484515542717166, "PPCK": 0.0, "PPS": 0.0, "PTAr": 15.173198353436794, "PYK": 14.952409175162453, "PYRt2r": 0.0, "RPE": -0.3382422449785421, "RPI": -0.33824224497854216, "SUCCt2_2": 0.0, "SUCCt3": 0.0, "SUCDi": 0.0, "SUCOAS": 0.0, "TALA": -0.08418410910776458, "THD2": 8.06835748000359, "TKT1": -0.08418410910776458, "TKT2": -0.2540581358707775, "TPI": 18.031928824318097}