{"ACALD": -8.27945538048657, "ACALDt": 0.0, "ACKr": -8.50358527796131, "ACONTa": 0.2283631564694259, "ACONTb": 0.22836315646942593, "ACt2r": -8.50358527796131, "ADK1": 0.0, "AKGDH": 0.0, "AKGt2r": 0.0, "ALCD2x": -8.27945538048657, "ATPM": 8.39, "ATPS4r": -5.452052576810897, "BIOMASS_Ecoli_core_w_GAM": 0.21166294973531047, "CO2t": 0.37817819229209226, "CS": 0.22836315646942587, "CYTBD": 0.0, "D_LACt2": 1.101573311661242e-15, "ENO": 19.120688607914605, "ETOHt2r": -8.27945538048657, "EX_ac_e": 8.50358527796131, "EX_acald_e": 0.0, "EX_akg_e": 0.0, "EX_co2_e": -0.3781781922920917, "EX_etoh_e": 8.27945538048657, "EX_for_e": 17.804674217935307, "EX_fru_e": 0.0, "EX_fum_e": 0.0, "EX_glc__D_e": -10.0, "EX_gln_L_e": 0.0, "EX_glu_L_e": 0.0, "EX_h_e": 30.554218267586936, "EX_h2o_e": -7.115795981726735, "EX_lac_D_e": 0.0, "EX_mal_L_e": 0.0, "EX_nh4_e": -1.1541557323167004, "EX_o2_e": 3.735926055789362e-15, "EX_pi_e": -0.7786444931912757, "EX_pyr_e": 0.0, "EX_succ_e": 5.210257695228217e-15, "FBA": 9.78945886389829, "FBP": 0.0, "FORt2": 0.0, "FORti": 17.804674217935307, "FRD7": 3.382565168463283e-15, "FRUpts2": 0.0, "FUM": -5.723637811480159e-15, "FUMt2_2": 0.0, "G6PDH2r": 0.0, "GAPD": 19.43733638071863, "GLCpts": 10.000000000000002, "GLNS": 0.054122216247318874, "GLNabc": 0.0, "GLUDy": -1.1000335160693817, "GLUN": 0.0, "GLUSy": 0.0, "GLUt2r": -1.4253502569862943e-15, "GND": 0.0, "H2Ot": 7.115795981726784, "ICDHyr": 0.2283631564694259, "ICL": 0.0, "LDH_D": -6.5003280846929015e-31, "MALS": 0.0, "MALt2_2": 0.0, "MDH": -5.7236378114801575e-15, "ME1": 0.0, "ME2": 0.0, "NADH16": 0.0, "NADTRHD": 0.0, "NH4t": 1.1541557323167004, "O2t": 0.0, "PDH": 0.0, "PFK": 9.789458863898291, "PFL": 17.804674217935307, "PGI": 9.956609095304263, "PGK": -19.437336380718634, "PGL": 0.0, "PGM": -19.120688607914605, "PIt2r": 0.7786444931912757, "PPC": 0.6065413487615149, "PPCK": 0.0, "PPS": 0.0, "PTAr": 8.50358527796131, "PYK": 8.404273021945487, "PYRt2r": 0.0, "RPE": -0.15214332826974747, "RPI": -0.152143328269738, "SUCCt2_2": 0.0, "SUCCt3": 5.210257695228217e-15, "SUCDi": 0.0, "SUCOAS": 4.5500532404152075e-15, "TALA": -0.03786650170765024, "THD2": 3.629194102456623, "TKT1": -0.037866501707650234, "TKT2": -0.11427682656209746, "TPI": 9.78945886389829}