{"ACALD": -16.58634797053488, "ACALDt": 0.0, "ACKr": 0.0, "ACONTa": 0.19418596007602465, "ACONTb": 0.19418596007602465, "ACt2r": 0.0, "ADK1": 0.0, "AKGDH": 0.0, "AKGt2r": 0.0, "ALCD2x": -16.58634797053488, "ATPM": 8.39, "ATPS4r": 1.5354121778742902, "BIOMASS_Ecoli_core_w_GAM": 0.17998513307630457, "CO2t": -16.455354790681945, "CS": 0.19418596007602465, "CYTBD": 0.0, "D_LACt2": 0.0, "ENO": 19.252287761661112, "ETOHt2r": -16.58634797053488, "EX_ac_e": 0.0, "EX_acald_e": 0.0, "EX_akg_e": 0.0, "EX_co2_e": 16.455354790681945, "EX_etoh_e": 16.58634797053488, "EX_for_e": 0.0, "EX_fru_e": 0.0, "EX_fum_e": 0.0, "EX_glc__D_e": -10.0, "EX_gln_L_e": 0.0, "EX_glu_L_e": 0.0, "EX_h_e": 4.966797738320463, "EX_h2o_e": 1.858238507933009, "EX_lac_D_e": 0.0, "EX_mal_L_e": 0.0, "EX_nh4_e": -0.9814229336384732, "EX_o2_e": 0.0, "EX_pi_e": -0.6621113090478095, "EX_pyr_e": 0.0, "EX_succ_e": 0.6781479844049012, "FBA": 9.820968788129, "FBP": 0.0, "FORt2": 0.0, "FORti": 0.0, "FRD7": 0.6781479844049012, "FRUpts2": 0.0, "FUM": -0.6781479844049012, "FUMt2_2": 0.0, "G6PDH2r": 0.0, "GAPD": 19.52154552074326, "GLCpts": 10.000000000000002, "GLNS": 0.04602219852761107, "GLNabc": 0.0, "GLUDy": -0.9354007351108621, "GLUN": 0.0, "GLUSy": 0.0, "GLUt2r": 0.0, "GND": 0.0, "H2Ot": -1.858238507933009, "ICDHyr": 0.19418596007602465, "ICL": 0.0, "LDH_D": 0.0, "MALS": 0.0, "MALt2_2": 0.0, "MDH": -0.6781479844049012, "ME1": 0.0, "ME2": 0.0, "NADH16": 0.6781479844049012, "NADTRHD": 0.0, "NH4t": 0.9814229336384732, "O2t": 0.0, "PDH": 17.45508221235428, "PFK": 9.820968788129, "PFL": 0.0, "PGI": 9.963103047719358, "PGK": -19.521545520743263, "PGL": 0.0, "PGM": -19.252287761661112, "PIt2r": 0.6621113090478095, "PPC": 1.1939133817483591, "PPCK": 0.0, "PPS": 0.0, "PTAr": 0.0, "PYK": 7.964944097332835, "PYRt2r": 0.0, "RPE": -0.1293733136552477, "RPI": -0.1293733136552477, "SUCCt2_2": 0.0, "SUCCt3": 0.6781479844049012, "SUCDi": 0.0, "SUCOAS": 0.0, "TALA": -0.032199340307350895, "THD2": 3.0860430902396256, "TKT1": -0.032199340307350895, "TKT2": -0.09717397334789682, "TPI": 9.820968788129}