{"ACALD": 0.0, "ACALDt": 0.0, "ACKr": 0.0, "ACONTa": 6.0072495753503325, "ACONTb": 6.0072495753503325, "ACt2r": 0.0, "ADK1": 0.0, "AKGDH": 5.064375661482095, "AKGt2r": 0.0, "ALCD2x": 0.0, "ATPM": 8.39, "ATPS4r": 45.514009774517454, "BIOMASS_Ecoli_core_w_GAM": 0.8739215069684306, "CO2t": -22.809833310204976, "CS": 6.007249575350332, "CYTBD": 43.598985311997545, "D_LACt2": 0.0, "ENO": 14.716139568742829, "ETOHt2r": 0.0, "EX_ac_e": 0.0, "EX_acald_e": 0.0, "EX_akg_e": 0.0, "EX_co2_e": 22.809833310204976, "EX_etoh_e": 0.0, "EX_for_e": 0.0, "EX_fru_e": 0.0, "EX_fum_e": 0.0, "EX_glc__D_e": -10.0, "EX_gln_L_e": 0.0, "EX_glu_L_e": 0.0, "EX_h_e": 17.530865429786793, "EX_h2o_e": 29.175827135565818, "EX_lac_D_e": 0.0, "EX_mal_L_e": 0.0, "EX_nh4_e": -4.765319193197457, "EX_o2_e": -21.79949265599877, "EX_pi_e": -3.2148950476847715, "EX_pyr_e": 0.0, "EX_succ_e": 0.0, "FBA": 7.477381962160285, "FBP": 0.0, "FORt2": 0.0, "FORti": 0.0, "FRD7": 0.0, "FRUpts2": 0.0, "FUM": 5.06437566148209, "FUMt2_2": 0.0, "G6PDH2r": 4.959984944574659, "GAPD": 16.0235261431676, "GLCpts": 10.000000000000002, "GLNS": 0.22346172933182767, "GLNabc": 0.0, "GLUDy": -4.54185746386563, "GLUN": 0.0, "GLUSy": 0.0, "GLUt2r": 0.0, "GND": 4.959984944574659, "H2Ot": -29.175827135565818, "ICDHyr": 6.007249575350333, "ICL": 0.0, "LDH_D": 0.0, "MALS": 0.0, "MALt2_2": 0.0, "MDH": 5.0643756614821, "ME1": 0.0, "ME2": 0.0, "NADH16": 38.534609650515435, "NADTRHD": 0.0, "NH4t": 4.765319193197458, "O2t": 21.79949265599877, "PDH": 9.282532599166618, "PFK": 7.477381962160285, "PFL": 0.0, "PGI": 4.8608611464968146, "PGK": -16.023526143167604, "PGL": 4.959984944574659, "PGM": -14.716139568742829, "PIt2r": 3.2148950476847715, "PPC": 2.5043094703687268, "PPCK": 0.0, "PPS": 0.0, "PTAr": 0.0, "PYK": 1.7581774441067872, "PYRt2r": 0.0, "RPE": 2.6784818505075307, "RPI": -2.2815030940671277, "SUCCt2_2": 0.0, "SUCCt3": -6.379285303446807e-15, "SUCDi": 5.064375661482101, "SUCOAS": -5.064375661482095, "TALA": 1.4969837572615674, "THD2": 0.0, "TKT1": 1.4969837572615672, "TKT2": 1.1814980932459636, "TPI": 7.477381962160285}